{
  "_format": "hh-sol-cache-2",
  "files": {
    "/Users/daulathussain/Desktop/stackingtoken 2/web3/contracts/Address.sol": {
      "lastModificationDate": 1688720704086,
      "contentHash": "48b9205c1c1281b1c632974d3e62d8f4",
      "sourceName": "contracts/Address.sol",
      "solcConfig": {
        "version": "0.8.9",
        "settings": {
          "optimizer": {
            "enabled": true,
            "runs": 200
          },
          "outputSelection": {
            "*": {
              "*": [
                "abi",
                "evm.bytecode",
                "evm.deployedBytecode",
                "evm.methodIdentifiers",
                "metadata"
              ],
              "": [
                "ast"
              ]
            }
          }
        }
      },
      "imports": [],
      "versionPragmas": [
        "^0.8.9"
      ],
      "artifacts": [
        "Address"
      ]
    },
    "/Users/daulathussain/Desktop/stackingtoken 2/web3/contracts/Initializable.sol": {
      "lastModificationDate": 1688720704079,
      "contentHash": "3bd8cc5c9c5d42018af976e4ff075564",
      "sourceName": "contracts/Initializable.sol",
      "solcConfig": {
        "version": "0.8.9",
        "settings": {
          "optimizer": {
            "enabled": true,
            "runs": 200
          },
          "outputSelection": {
            "*": {
              "*": [
                "abi",
                "evm.bytecode",
                "evm.deployedBytecode",
                "evm.methodIdentifiers",
                "metadata"
              ],
              "": [
                "ast"
              ]
            }
          }
        }
      },
      "imports": [
        "./Address.sol"
      ],
      "versionPragmas": [
        "^0.8.9"
      ],
      "artifacts": [
        "Initializable"
      ]
    },
    "/Users/daulathussain/Desktop/stackingtoken 2/web3/contracts/TokenStaking.sol": {
      "lastModificationDate": 1688720704084,
      "contentHash": "c0e1edfd11bca4f61f383b675dffd096",
      "sourceName": "contracts/TokenStaking.sol",
      "solcConfig": {
        "version": "0.8.9",
        "settings": {
          "optimizer": {
            "enabled": true,
            "runs": 200
          },
          "outputSelection": {
            "*": {
              "*": [
                "abi",
                "evm.bytecode",
                "evm.deployedBytecode",
                "evm.methodIdentifiers",
                "metadata"
              ],
              "": [
                "ast"
              ]
            }
          }
        }
      },
      "imports": [
        "./Ownable.sol",
        "./ReentrancyGuard.sol",
        "./Initializable.sol",
        "./IERC20.sol"
      ],
      "versionPragmas": [
        "^0.8.9"
      ],
      "artifacts": [
        "TokenStaking"
      ]
    },
    "/Users/daulathussain/Desktop/stackingtoken 2/web3/contracts/Ownable.sol": {
      "lastModificationDate": 1688720704085,
      "contentHash": "9f77cfe0a829bbc7efdc86f7f29d5aa1",
      "sourceName": "contracts/Ownable.sol",
      "solcConfig": {
        "version": "0.8.9",
        "settings": {
          "optimizer": {
            "enabled": true,
            "runs": 200
          },
          "outputSelection": {
            "*": {
              "*": [
                "abi",
                "evm.bytecode",
                "evm.deployedBytecode",
                "evm.methodIdentifiers",
                "metadata"
              ],
              "": [
                "ast"
              ]
            }
          }
        }
      },
      "imports": [
        "./Context.sol"
      ],
      "versionPragmas": [
        "^0.8.9"
      ],
      "artifacts": [
        "Ownable"
      ]
    },
    "/Users/daulathussain/Desktop/stackingtoken 2/web3/contracts/ReentrancyGuard.sol": {
      "lastModificationDate": 1688720704082,
      "contentHash": "a52f4a2868b8241e4682496907ade427",
      "sourceName": "contracts/ReentrancyGuard.sol",
      "solcConfig": {
        "version": "0.8.9",
        "settings": {
          "optimizer": {
            "enabled": true,
            "runs": 200
          },
          "outputSelection": {
            "*": {
              "*": [
                "abi",
                "evm.bytecode",
                "evm.deployedBytecode",
                "evm.methodIdentifiers",
                "metadata"
              ],
              "": [
                "ast"
              ]
            }
          }
        }
      },
      "imports": [],
      "versionPragmas": [
        "^0.8.9"
      ],
      "artifacts": [
        "ReentrancyGuard"
      ]
    },
    "/Users/daulathussain/Desktop/stackingtoken 2/web3/contracts/IERC20.sol": {
      "lastModificationDate": 1688720704080,
      "contentHash": "697b1051951123221bb4c422778ae7e8",
      "sourceName": "contracts/IERC20.sol",
      "solcConfig": {
        "version": "0.8.9",
        "settings": {
          "optimizer": {
            "enabled": true,
            "runs": 200
          },
          "outputSelection": {
            "*": {
              "*": [
                "abi",
                "evm.bytecode",
                "evm.deployedBytecode",
                "evm.methodIdentifiers",
                "metadata"
              ],
              "": [
                "ast"
              ]
            }
          }
        }
      },
      "imports": [],
      "versionPragmas": [
        "^0.8.9"
      ],
      "artifacts": [
        "IERC20"
      ]
    },
    "/Users/daulathussain/Desktop/stackingtoken 2/web3/contracts/Context.sol": {
      "lastModificationDate": 1688720704087,
      "contentHash": "292e0c6cb57d557e05fcb7e9c8c8ff82",
      "sourceName": "contracts/Context.sol",
      "solcConfig": {
        "version": "0.8.9",
        "settings": {
          "optimizer": {
            "enabled": true,
            "runs": 200
          },
          "outputSelection": {
            "*": {
              "*": [
                "abi",
                "evm.bytecode",
                "evm.deployedBytecode",
                "evm.methodIdentifiers",
                "metadata"
              ],
              "": [
                "ast"
              ]
            }
          }
        }
      },
      "imports": [],
      "versionPragmas": [
        "^0.8.9"
      ],
      "artifacts": [
        "Context"
      ]
    },
    "/Users/daulathussain/Desktop/stackingtoken 2/web3/contracts/Lock.sol": {
      "lastModificationDate": 1688720704083,
      "contentHash": "ae66265769cc28ebdaa34881df95bc5e",
      "sourceName": "contracts/Lock.sol",
      "solcConfig": {
        "version": "0.8.9",
        "settings": {
          "optimizer": {
            "enabled": true,
            "runs": 200
          },
          "outputSelection": {
            "*": {
              "*": [
                "abi",
                "evm.bytecode",
                "evm.deployedBytecode",
                "evm.methodIdentifiers",
                "metadata"
              ],
              "": [
                "ast"
              ]
            }
          }
        }
      },
      "imports": [],
      "versionPragmas": [
        "^0.8.9"
      ],
      "artifacts": [
        "Lock"
      ]
    },
    "/Users/daulathussain/Desktop/stackingtoken 2/web3/contracts/TheblockchainCoders.sol": {
      "lastModificationDate": 1688720704088,
      "contentHash": "b254216398c773ba6741e62bfee61c3f",
      "sourceName": "contracts/TheblockchainCoders.sol",
      "solcConfig": {
        "version": "0.8.9",
        "settings": {
          "optimizer": {
            "enabled": true,
            "runs": 200
          },
          "outputSelection": {
            "*": {
              "*": [
                "abi",
                "evm.bytecode",
                "evm.deployedBytecode",
                "evm.methodIdentifiers",
                "metadata"
              ],
              "": [
                "ast"
              ]
            }
          }
        }
      },
      "imports": [],
      "versionPragmas": [
        "^0.8.9"
      ],
      "artifacts": [
        "Theblockchaincoders"
      ]
    },
    "/Users/daulathussain/Desktop/stacking-daap-final-code/web3/contracts/Address.sol": {
      "lastModificationDate": 1688897772539,
      "contentHash": "48b9205c1c1281b1c632974d3e62d8f4",
      "sourceName": "contracts/Address.sol",
      "solcConfig": {
        "version": "0.8.9",
        "settings": {
          "optimizer": {
            "enabled": true,
            "runs": 200
          },
          "outputSelection": {
            "*": {
              "*": [
                "abi",
                "evm.bytecode",
                "evm.deployedBytecode",
                "evm.methodIdentifiers",
                "metadata"
              ],
              "": [
                "ast"
              ]
            }
          }
        }
      },
      "imports": [],
      "versionPragmas": [
        "^0.8.9"
      ],
      "artifacts": [
        "Address"
      ]
    },
    "/Users/daulathussain/Desktop/stacking-daap-final-code/web3/contracts/Initializable.sol": {
      "lastModificationDate": 1688897772530,
      "contentHash": "3bd8cc5c9c5d42018af976e4ff075564",
      "sourceName": "contracts/Initializable.sol",
      "solcConfig": {
        "version": "0.8.9",
        "settings": {
          "optimizer": {
            "enabled": true,
            "runs": 200
          },
          "outputSelection": {
            "*": {
              "*": [
                "abi",
                "evm.bytecode",
                "evm.deployedBytecode",
                "evm.methodIdentifiers",
                "metadata"
              ],
              "": [
                "ast"
              ]
            }
          }
        }
      },
      "imports": [
        "./Address.sol"
      ],
      "versionPragmas": [
        "^0.8.9"
      ],
      "artifacts": [
        "Initializable"
      ]
    },
    "/Users/daulathussain/Desktop/stacking-daap-final-code/web3/contracts/TokenStaking.sol": {
      "lastModificationDate": 1688897772536,
      "contentHash": "c0e1edfd11bca4f61f383b675dffd096",
      "sourceName": "contracts/TokenStaking.sol",
      "solcConfig": {
        "version": "0.8.9",
        "settings": {
          "optimizer": {
            "enabled": true,
            "runs": 200
          },
          "outputSelection": {
            "*": {
              "*": [
                "abi",
                "evm.bytecode",
                "evm.deployedBytecode",
                "evm.methodIdentifiers",
                "metadata"
              ],
              "": [
                "ast"
              ]
            }
          }
        }
      },
      "imports": [
        "./Ownable.sol",
        "./ReentrancyGuard.sol",
        "./Initializable.sol",
        "./IERC20.sol"
      ],
      "versionPragmas": [
        "^0.8.9"
      ],
      "artifacts": [
        "TokenStaking"
      ]
    },
    "/Users/daulathussain/Desktop/stacking-daap-final-code/web3/contracts/Ownable.sol": {
      "lastModificationDate": 1688897772537,
      "contentHash": "9f77cfe0a829bbc7efdc86f7f29d5aa1",
      "sourceName": "contracts/Ownable.sol",
      "solcConfig": {
        "version": "0.8.9",
        "settings": {
          "optimizer": {
            "enabled": true,
            "runs": 200
          },
          "outputSelection": {
            "*": {
              "*": [
                "abi",
                "evm.bytecode",
                "evm.deployedBytecode",
                "evm.methodIdentifiers",
                "metadata"
              ],
              "": [
                "ast"
              ]
            }
          }
        }
      },
      "imports": [
        "./Context.sol"
      ],
      "versionPragmas": [
        "^0.8.9"
      ],
      "artifacts": [
        "Ownable"
      ]
    },
    "/Users/daulathussain/Desktop/stacking-daap-final-code/web3/contracts/ReentrancyGuard.sol": {
      "lastModificationDate": 1688897772533,
      "contentHash": "a52f4a2868b8241e4682496907ade427",
      "sourceName": "contracts/ReentrancyGuard.sol",
      "solcConfig": {
        "version": "0.8.9",
        "settings": {
          "optimizer": {
            "enabled": true,
            "runs": 200
          },
          "outputSelection": {
            "*": {
              "*": [
                "abi",
                "evm.bytecode",
                "evm.deployedBytecode",
                "evm.methodIdentifiers",
                "metadata"
              ],
              "": [
                "ast"
              ]
            }
          }
        }
      },
      "imports": [],
      "versionPragmas": [
        "^0.8.9"
      ],
      "artifacts": [
        "ReentrancyGuard"
      ]
    },
    "/Users/daulathussain/Desktop/stacking-daap-final-code/web3/contracts/IERC20.sol": {
      "lastModificationDate": 1688897772532,
      "contentHash": "697b1051951123221bb4c422778ae7e8",
      "sourceName": "contracts/IERC20.sol",
      "solcConfig": {
        "version": "0.8.9",
        "settings": {
          "optimizer": {
            "enabled": true,
            "runs": 200
          },
          "outputSelection": {
            "*": {
              "*": [
                "abi",
                "evm.bytecode",
                "evm.deployedBytecode",
                "evm.methodIdentifiers",
                "metadata"
              ],
              "": [
                "ast"
              ]
            }
          }
        }
      },
      "imports": [],
      "versionPragmas": [
        "^0.8.9"
      ],
      "artifacts": [
        "IERC20"
      ]
    },
    "/Users/daulathussain/Desktop/stacking-daap-final-code/web3/contracts/Context.sol": {
      "lastModificationDate": 1688897772540,
      "contentHash": "292e0c6cb57d557e05fcb7e9c8c8ff82",
      "sourceName": "contracts/Context.sol",
      "solcConfig": {
        "version": "0.8.9",
        "settings": {
          "optimizer": {
            "enabled": true,
            "runs": 200
          },
          "outputSelection": {
            "*": {
              "*": [
                "abi",
                "evm.bytecode",
                "evm.deployedBytecode",
                "evm.methodIdentifiers",
                "metadata"
              ],
              "": [
                "ast"
              ]
            }
          }
        }
      },
      "imports": [],
      "versionPragmas": [
        "^0.8.9"
      ],
      "artifacts": [
        "Context"
      ]
    },
    "/Users/daulathussain/Desktop/stacking-daap-final-code/web3/contracts/Lock.sol": {
      "lastModificationDate": 1688897772535,
      "contentHash": "ae66265769cc28ebdaa34881df95bc5e",
      "sourceName": "contracts/Lock.sol",
      "solcConfig": {
        "version": "0.8.9",
        "settings": {
          "optimizer": {
            "enabled": true,
            "runs": 200
          },
          "outputSelection": {
            "*": {
              "*": [
                "abi",
                "evm.bytecode",
                "evm.deployedBytecode",
                "evm.methodIdentifiers",
                "metadata"
              ],
              "": [
                "ast"
              ]
            }
          }
        }
      },
      "imports": [],
      "versionPragmas": [
        "^0.8.9"
      ],
      "artifacts": [
        "Lock"
      ]
    },
    "/Users/daulathussain/Desktop/stacking-daap-final-code/web3/contracts/TheblockchainCoders.sol": {
      "lastModificationDate": 1688897772542,
      "contentHash": "b254216398c773ba6741e62bfee61c3f",
      "sourceName": "contracts/TheblockchainCoders.sol",
      "solcConfig": {
        "version": "0.8.9",
        "settings": {
          "optimizer": {
            "enabled": true,
            "runs": 200
          },
          "outputSelection": {
            "*": {
              "*": [
                "abi",
                "evm.bytecode",
                "evm.deployedBytecode",
                "evm.methodIdentifiers",
                "metadata"
              ],
              "": [
                "ast"
              ]
            }
          }
        }
      },
      "imports": [],
      "versionPragmas": [
        "^0.8.9"
      ],
      "artifacts": [
        "Theblockchaincoders"
      ]
    }
  }
}
